{
  "text_characteristics": {
    "average_length": 94.82178217821782,
    "length_std": 66.11148100588943,
    "length_correlation": -0.2410745244509821,
    "emoji_usage": {
      "average_emojis": 1.0297029702970297,
      "emoji_correlation": 0.04054336126437924
    },
    "number_usage": {
      "average_numbers": 2.712871287128713,
      "number_correlation": -0.16029470264774312
    },
    "special_characters": {
      "average_special": 7.851485148514851,
      "special_correlation": -0.21647486911935349
    }
  },
  "insights": [
    "문구 길이와 전환율의 상관관계: -0.241",
    "이모지 사용과 전환율의 상관관계: 0.041",
    "숫자 사용과 전환율의 상관관계: -0.160",
    "특수문자 사용과 전환율의 상관관계: -0.216"
  ],
  "recommendations": [
    "문구 길이를 줄이면 전환율 향상 가능"
  ]
}